Workbook
Name \A: #REF!
Name \E: #REF!
Name \P: #REF!
Name \S: #REF!
Name ONE: #REF!
Name START: #REF!
Name TWO: #REF!

Sheet Cover
A1: CONSUMPTION EXPENDITURE REPORT
A2: Pivot-based analysis of spending on goods and services at current prices.
A4: CONTENTS | B4: PURPOSE
A5: Spending Analysis | B5: Headline totals, group comparisons, top items, and key findings.
A6: Spending Pivots | B6: PivotTables for group trends and 2010-11 item spending.
A7: Consumption Detail | B7: Live linked detail rows used by the PivotTables, excluding nested aggregate rows.
A8: Consumption Source | B8: Original consumption expenditure dataset.

Sheet Spending Analysis
A1: CONSUMPTION SPENDING ANALYSIS
A2: Basic analysis of detailed goods and services expenditure at current prices, 2004-05 to 2010-11.
A4: OVERALL SPENDING | D4: LEADING GROUP — 2010-11
A5: 2004-05 total | B5: =SUM(ConsumptionDetail[2004-05]) -> 1925592 | D5: Largest group | E5: =INDEX($A$11:$A$18,MATCH(MAX($C$11:$C$18),$C$11:$C$18,0)) -> Food, Beverages & Tobacco
A6: 2010-11 total | B6: =SUM(ConsumptionDetail[2010-11]) -> 4359792 | D6: Group spend | E6: =MAX($C$11:$C$18) -> 1594534
A7: Overall growth | B7: =B6/B5-1 -> 1.2641307 | D7: Share of total | E7: =E6/$B$6 -> 0.36573626
A9: GROUP COMPARISON | G9: TOP 5 ITEMS — 2010-11
A10: Group | B10: 2004-05 | C10: 2010-11 | D10: Increase | E10: Growth | G10: Item | H10: Spend
A11: Food, Beverages & Tobacco | B11: =SUMIF(ConsumptionDetail[Group Name],A11,ConsumptionDetail[2004-05]) -> 769500 | C11: =SUMIF(ConsumptionDetail[Group Name],A11,ConsumptionDetail[2010-11]) -> 1594534 | D11: =C11-B11 -> 825034 | E11: =C11/B11-1 -> 1.0721689 | G11: =INDEX(ConsumptionDetail[Item],MATCH(H11,ConsumptionDetail[2010-11],0)) -> Other Miscellaneous Services | H11: =LARGE(ConsumptionDetail[2010-11],ROWS($H$11:H11)) -> 440503
A12: Clothing & Footwear | B12: =SUMIF(ConsumptionDetail[Group Name],A12,ConsumptionDetail[2004-05]) -> 127829 | C12: =SUMIF(ConsumptionDetail[Group Name],A12,ConsumptionDetail[2010-11]) -> 312316 | D12: =C12-B12 -> 184487 | E12: =C12/B12-1 -> 1.4432328 | G12: =INDEX(ConsumptionDetail[Item],MATCH(H12,ConsumptionDetail[2010-11],0)) -> Gross Rent & Water Charges | H12: =LARGE(ConsumptionDetail[2010-11],ROWS($H$11:H12)) -> 425533
A13: Gross Rent, Fuel & Power | B13: =SUMIF(ConsumptionDetail[Group Name],A13,ConsumptionDetail[2004-05]) -> 266434 | C13: =SUMIF(ConsumptionDetail[Group Name],A13,ConsumptionDetail[2010-11]) -> 580891 | D13: =C13-B13 -> 314457 | E13: =C13/B13-1 -> 1.1802435 | G13: =INDEX(ConsumptionDetail[Item],MATCH(H13,ConsumptionDetail[2010-11],0)) -> Purchase Of Transport Services | H13: =LARGE(ConsumptionDetail[2010-11],ROWS($H$11:H13)) -> 357111
A14: Furniture, Furnishings, Appliances & Services | B14: =SUMIF(ConsumptionDetail[Group Name],A14,ConsumptionDetail[2004-05]) -> 65174 | C14: =SUMIF(ConsumptionDetail[Group Name],A14,ConsumptionDetail[2010-11]) -> 174422 | D14: =C14-B14 -> 109248 | E14: =C14/B14-1 -> 1.6762513 | G14: =INDEX(ConsumptionDetail[Item],MATCH(H14,ConsumptionDetail[2010-11],0)) -> Fruits & Vegetables | H14: =LARGE(ConsumptionDetail[2010-11],ROWS($H$11:H14)) -> 327152
A15: Medical Care & Health Services | B15: =SUMIF(ConsumptionDetail[Group Name],A15,ConsumptionDetail[2004-05]) -> 95560 | C15: =SUMIF(ConsumptionDetail[Group Name],A15,ConsumptionDetail[2010-11]) -> 170599 | D15: =C15-B15 -> 75039 | E15: =C15/B15-1 -> 0.78525534 | G15: =INDEX(ConsumptionDetail[Item],MATCH(H15,ConsumptionDetail[2010-11],0)) -> Cereals & Bread | H15: =LARGE(ConsumptionDetail[2010-11],ROWS($H$11:H15)) -> 292631.33
A16: Transport & Communication | B16: =SUMIF(ConsumptionDetail[Group Name],A16,ConsumptionDetail[2004-05]) -> 371800 | C16: =SUMIF(ConsumptionDetail[Group Name],A16,ConsumptionDetail[2010-11]) -> 747741 | D16: =C16-B16 -> 375941 | E16: =C16/B16-1 -> 1.0111377
A17: Recreation, Education & Cultural Services | B17: =SUMIF(ConsumptionDetail[Group Name],A17,ConsumptionDetail[2004-05]) -> 57213 | C17: =SUMIF(ConsumptionDetail[Group Name],A17,ConsumptionDetail[2010-11]) -> 116172 | D17: =C17-B17 -> 58959 | E17: =C17/B17-1 -> 1.0305175
A18: Miscellaneous Goods & Services | B18: =SUMIF(ConsumptionDetail[Group Name],A18,ConsumptionDetail[2004-05]) -> 172082 | C18: =SUMIF(ConsumptionDetail[Group Name],A18,ConsumptionDetail[2010-11]) -> 663117 | D18: =C18-B18 -> 491035 | E18: =C18/B18-1 -> 2.8534943
A20: KEY FINDINGS
A21: ="1. Detailed spending increased from "&TEXT(B5,"#,##0")&" in 2004-05 to "&TEXT(B6,"#,##0")&" in 2010-11, a rise of "&TEXT(B7,"0.0%")&"." -> 1. Detailed spending increased from 1,925,592 in 2004-05 to 4,359,792 in 2010-11, a rise of 126.4%.
A22: ="2. The largest spending group in 2010-11 was "&E5&" at "&TEXT(E6,"#,##0")&", representing "&TEXT(E7,"0.0%")&" of detailed expenditure." -> 2. The largest spending group in 2010-11 was Food, Beverages & Tobacco at 1,594,534, representing 36.6% of detailed expenditure.
A23: ="3. The highest-spend individual item in 2010-11 was "&G11&" at "&TEXT(H11,"#,##0")&"." -> 3. The highest-spend individual item in 2010-11 was Other Miscellaneous Services at 440,503.

Sheet Spending Pivots
A1: CONSUMPTION SPENDING PIVOTTABLES
A2: Group trends across seven years and item-level spending for 2010-11
A3: SPENDING BY GROUP AND YEAR
A4: Group Name | B4: Sum of 2004-05 | C4: Sum of 2005-06 | D4: Sum of 2006-07 | E4: Sum of 2007-08 | F4: Sum of 2008-09 | G4: Sum of 2009-10 | H4: Sum of 2010-11
A5: Clothing & Footwear | B5: 127829 | C5: 151143 | D5: 189593 | E5: 204639 | F5: 220661 | G5: 266503 | H5: 312316
A6: Food, Beverages & Tobacco | B6: 769500 | C6: 856556 | D6: 956959 | E6: 1088983 | F6: 1210613 | G6: 1372315 | H6: 1594534
A7: Furniture, Furnishings, Appliances & Services | B7: 65174 | C7: 76808 | D7: 93813 | E7: 112269 | F7: 130970 | G7: 148485 | H7: 174422
A8: Gross Rent, Fuel & Power | B8: 266434 | C8: 290838 | D8: 329053 | E8: 380037 | F8: 444119 | G8: 497546 | H8: 580891
A9: Medical Care & Health Services | B9: 95560 | C9: 105244 | D9: 115900 | E9: 127648 | F9: 140595 | G9: 154872 | H9: 170599
A10: Miscellaneous Goods & Services | B10: 172082 | C10: 201861 | D10: 256620 | E10: 342552 | F10: 445780 | G10: 547918 | H10: 663117
A11: Recreation, Education & Cultural Services | B11: 57213 | C11: 65473 | D11: 74359 | E11: 84643 | F11: 95116 | G11: 104146 | H11: 116172
A12: Transport & Communication | B12: 371800 | C12: 411614 | D12: 472391 | E12: 509623 | F12: 570091 | G12: 630251 | H12: 747741
A17: SPENDING BY ITEM — 2010-11
A18: Item | B18: Sum of 2010-11
A19: Beverages | B19: 71819
A20: Cereals & Bread | B20: 292631.33
A21: Clothing | B21: 260361
A22: Coffee, Tea & Cocoa | B22: 9927
A23: Communication | B23: 74508
A24: Education | B24: 57963
A25: Electricity | B25: 34483
A26: Equipment, Paper & Stationery | B26: 55582
A27: Footwear | B27: 51955
A28: Fruits & Vegetables | B28: 327152
A29: Furniture, Furnishing & Repair | B29: 22012
A30: Glassware, Tableware & Utensils | B30: 43156
... A56: Tobacco & Its Products | B56: 82634

Sheet Consumption Detail
A1: Item | B1: Group Name | C1: 2004-05 | D1: 2005-06 | E1: 2006-07 | F1: 2007-08 | G1: 2008-09 | H1: 2009-10 | I1: 2010-11
A2: ='Consumption Source'!A3 -> Cereals & Bread | B2: ='Consumption Source'!B3 -> Food, Beverages & Tobacco | C2: ='Consumption Source'!C3 -> 165490.3 | D2: ='Consumption Source'!D3 -> 180320.22 | E2: ='Consumption Source'!E3 -> 202451.82 | F2: ='Consumption Source'!F3 -> 229799.11 | G2: ='Consumption Source'!G3 -> 249839.29 | H2: ='Consumption Source'!H3 -> 251207.67 | I2: ='Consumption Source'!I3 -> 292631.33
A3: ='Consumption Source'!A4 -> Pulses | B3: ='Consumption Source'!B4 -> Food, Beverages & Tobacco | C3: ='Consumption Source'!C4 -> 15872.696 | D3: ='Consumption Source'!D4 -> 19014.783 | E3: ='Consumption Source'!E4 -> 23713.18 | F3: ='Consumption Source'!F4 -> 26452.893 | G3: ='Consumption Source'!G4 -> 29049.713 | H3: ='Consumption Source'!H4 -> 33203.326 | I3: ='Consumption Source'!I4 -> 40610.671
A4: ='Consumption Source'!A5 -> Sugar & Gur | B4: ='Consumption Source'!B5 -> Food, Beverages & Tobacco | C4: ='Consumption Source'!C5 -> 33339 | D4: ='Consumption Source'!D5 -> 36852 | E4: ='Consumption Source'!E5 -> 38589 | F4: ='Consumption Source'!F5 -> 37627 | G4: ='Consumption Source'!G5 -> 45834 | H4: ='Consumption Source'!H5 -> 64235 | I4: ='Consumption Source'!I5 -> 71859
A5: ='Consumption Source'!A6 -> Oils & Oilseeds | B5: ='Consumption Source'!B6 -> Food, Beverages & Tobacco | C5: ='Consumption Source'!C6 -> 37778 | D5: ='Consumption Source'!D6 -> 34306 | E5: ='Consumption Source'!E6 -> 33593 | F5: ='Consumption Source'!F6 -> 41570 | G5: ='Consumption Source'!G6 -> 45257 | H5: ='Consumption Source'!H6 -> 44219 | I5: ='Consumption Source'!I6 -> 55158
A6: ='Consumption Source'!A7 -> Fruits & Vegetables | B6: ='Consumption Source'!B7 -> Food, Beverages & Tobacco | C6: ='Consumption Source'!C7 -> 150855 | D6: ='Consumption Source'!D7 -> 171411 | E6: ='Consumption Source'!E7 -> 189724 | F6: ='Consumption Source'!F7 -> 216603 | G6: ='Consumption Source'!G7 -> 241989 | H6: ='Consumption Source'!H7 -> 268130 | I6: ='Consumption Source'!I7 -> 327152
A7: ='Consumption Source'!A8 -> Potato & Other Tubers | B7: ='Consumption Source'!B8 -> Food, Beverages & Tobacco | C7: ='Consumption Source'!C8 -> 17046 | D7: ='Consumption Source'!D8 -> 20707 | E7: ='Consumption Source'!E8 -> 21309 | F7: ='Consumption Source'!F8 -> 30172 | G7: ='Consumption Source'!G8 -> 18839 | H7: ='Consumption Source'!H8 -> 50144 | I7: ='Consumption Source'!I8 -> 40765
A8: ='Consumption Source'!A9 -> Milk & Milk Products | B8: ='Consumption Source'!B9 -> Food, Beverages & Tobacco | C8: ='Consumption Source'!C9 -> 134069 | D8: ='Consumption Source'!D9 -> 143542 | E8: ='Consumption Source'!E9 -> 156950 | F8: ='Consumption Source'!F9 -> 177822 | G8: ='Consumption Source'!G9 -> 208124 | H8: ='Consumption Source'!H9 -> 246311 | I8: ='Consumption Source'!I9 -> 285703
A9: ='Consumption Source'!A10 -> Meat, Egg & Fish | B9: ='Consumption Source'!B10 -> Food, Beverages & Tobacco | C9: ='Consumption Source'!C10 -> 62424 | D9: ='Consumption Source'!D10 -> 70150 | E9: ='Consumption Source'!E10 -> 79645 | F9: ='Consumption Source'!F10 -> 88963 | G9: ='Consumption Source'!G10 -> 101087 | H9: ='Consumption Source'!H10 -> 121532 | I9: ='Consumption Source'!I10 -> 145361
A10: ='Consumption Source'!A11 -> Coffee, Tea & Cocoa | B10: ='Consumption Source'!B11 -> Food, Beverages & Tobacco | C10: ='Consumption Source'!C11 -> 6153 | D10: ='Consumption Source'!D11 -> 6420 | E10: ='Consumption Source'!E11 -> 6768 | F10: ='Consumption Source'!F11 -> 7252 | G10: ='Consumption Source'!G11 -> 8478 | H10: ='Consumption Source'!H11 -> 10608 | I10: ='Consumption Source'!I11 -> 9927
A11: ='Consumption Source'!A12 -> Spices | B11: ='Consumption Source'!B12 -> Food, Beverages & Tobacco | C11: ='Consumption Source'!C12 -> 18213 | D11: ='Consumption Source'!D12 -> 19968 | E11: ='Consumption Source'!E12 -> 21887 | F11: ='Consumption Source'!F12 -> 23985 | G11: ='Consumption Source'!G12 -> 26280 | H11: ='Consumption Source'!H12 -> 28789 | I11: ='Consumption Source'!I12 -> 31531
A12: ='Consumption Source'!A13 -> Other Food | B12: ='Consumption Source'!B13 -> Food, Beverages & Tobacco | C12: ='Consumption Source'!C13 -> 9124 | D12: ='Consumption Source'!D13 -> 11545 | E12: ='Consumption Source'!E13 -> 14089 | F12: ='Consumption Source'!F13 -> 14279 | G12: ='Consumption Source'!G13 -> 15734 | H12: ='Consumption Source'!H13 -> 20645 | I12: ='Consumption Source'!I13 -> 23514
A13: ='Consumption Source'!A14 -> Beverages | B13: ='Consumption Source'!B14 -> Food, Beverages & Tobacco | C13: ='Consumption Source'!C14 -> 27049 | D13: ='Consumption Source'!D14 -> 32271 | E13: ='Consumption Source'!E14 -> 42562 | F13: ='Consumption Source'!F14 -> 56176 | G13: ='Consumption Source'!G14 -> 61457 | H13: ='Consumption Source'!H14 -> 62158 | I13: ='Consumption Source'!I14 -> 71819
... A19: ='Consumption Source'!A20 -> Gross Rent & Water Charges | B19: ='Consumption Source'!B20 -> Gross Rent, Fuel & Power | C19: ='Consumption Source'!C20 -> 181949 | D19: ='Consumption Source'!D20 -> 198190 | E19: ='Consumption Source'!E20 -> 225418 | F19: ='Consumption Source'!F20 -> 265150 | G19: ='Consumption Source'!G20 -> 317904 | H19: ='Consumption Source'!H20 -> 357704 | I19: ='Consumption Source'!I20 -> 425533
A20: ='Consumption Source'!A22 -> Electricity | B20: ='Consumption Source'!B22 -> Gross Rent, Fuel & Power | C20: ='Consumption Source'!C22 -> 18666 | D20: ='Consumption Source'!D22 -> 19384 | E20: ='Consumption Source'!E22 -> 22065 | F20: ='Consumption Source'!F22 -> 24572 | G20: ='Consumption Source'!G22 -> 26612 | H20: ='Consumption Source'!H22 -> 30087 | I20: ='Consumption Source'!I22 -> 34483
A21: ='Consumption Source'!A23 -> Liquified Petroleum Gas | B21: ='Consumption Source'!B23 -> Gross Rent, Fuel & Power | C21: ='Consumption Source'!C23 -> 16288 | D21: ='Consumption Source'!D23 -> 17941 | E21: ='Consumption Source'!E23 -> 18615 | F21: ='Consumption Source'!F23 -> 21506 | G21: ='Consumption Source'!G23 -> 21555 | H21: ='Consumption Source'!H23 -> 24221 | I21: ='Consumption Source'!I23 -> 27217
A22: ='Consumption Source'!A24 -> Kerosene Oil | B22: ='Consumption Source'!B24 -> Gross Rent, Fuel & Power | C22: ='Consumption Source'!C24 -> 8738 | D22: ='Consumption Source'!D24 -> 8865 | E22: ='Consumption Source'!E24 -> 8804 | F22: ='Consumption Source'!F24 -> 8674 | G22: ='Consumption Source'!G24 -> 8622 | H22: ='Consumption Source'!H24 -> 8773 | I22: ='Consumption Source'!I24 -> 8927
A23: ='Consumption Source'!A25 -> Other Fuel | B23: ='Consumption Source'!B25 -> Gross Rent, Fuel & Power | C23: ='Consumption Source'!C25 -> 40793 | D23: ='Consumption Source'!D25 -> 46458 | E23: ='Consumption Source'!E25 -> 54151 | F23: ='Consumption Source'!F25 -> 60135 | G23: ='Consumption Source'!G25 -> 69426 | H23: ='Consumption Source'!H25 -> 76761 | I23: ='Consumption Source'!I25 -> 84731
A24: ='Consumption Source'!A26 -> Furniture, Furnishing & Repair | B24: ='Consumption Source'!B26 -> Furniture, Furnishings, Appliances & Services | C24: ='Consumption Source'!C26 -> 8404 | D24: ='Consumption Source'!D26 -> 10101 | E24: ='Consumption Source'!E26 -> 10954 | F24: ='Consumption Source'!F26 -> 12122 | G24: ='Consumption Source'!G26 -> 13537 | H24: ='Consumption Source'!H26 -> 18929 | I24: ='Consumption Source'!I26 -> 22012
A25: ='Consumption Source'!A27 -> Refrigerator, Cooking, Washing Appliances Etc | B25: ='Consumption Source'!B27 -> Furniture, Furnishings, Appliances & Services | C25: ='Consumption Source'!C27 -> 13409 | D25: ='Consumption Source'!D27 -> 17518 | E25: ='Consumption Source'!E27 -> 22239 | F25: ='Consumption Source'!F27 -> 27905 | G25: ='Consumption Source'!G27 -> 32903 | H25: ='Consumption Source'!H27 -> 35414 | I25: ='Consumption Source'!I27 -> 44838
A26: ='Consumption Source'!A28 -> Glassware, Tableware & Utensils | B26: ='Consumption Source'!B28 -> Furniture, Furnishings, Appliances & Services | C26: ='Consumption Source'!C28 -> 15462 | D26: ='Consumption Source'!D28 -> 17362 | E26: ='Consumption Source'!E28 -> 22818 | F26: ='Consumption Source'!F28 -> 29309 | G26: ='Consumption Source'!G28 -> 36300 | H26: ='Consumption Source'!H28 -> 38033 | I26: ='Consumption Source'!I28 -> 43156
A27: ='Consumption Source'!A29 -> Other Goods | B27: ='Consumption Source'!B29 -> Furniture, Furnishings, Appliances & Services | C27: ='Consumption Source'!C29 -> 17067 | D27: ='Consumption Source'!D29 -> 19773 | E27: ='Consumption Source'!E29 -> 24001 | F27: ='Consumption Source'!F29 -> 27186 | G27: ='Consumption Source'!G29 -> 29784 | H27: ='Consumption Source'!H29 -> 33813 | I27: ='Consumption Source'!I29 -> 38008
A28: ='Consumption Source'!A30 -> Services | B28: ='Consumption Source'!B30 -> Furniture, Furnishings, Appliances & Services | C28: ='Consumption Source'!C30 -> 10832 | D28: ='Consumption Source'!D30 -> 12054 | E28: ='Consumption Source'!E30 -> 13801 | F28: ='Consumption Source'!F30 -> 15747 | G28: ='Consumption Source'!G30 -> 18446 | H28: ='Consumption Source'!H30 -> 22296 | I28: ='Consumption Source'!I30 -> 26408
A29: ='Consumption Source'!A31 -> Medical Care & Health Services | B29: ='Consumption Source'!B31 -> Medical Care & Health Services | C29: ='Consumption Source'!C31 -> 95560 | D29: ='Consumption Source'!D31 -> 105244 | E29: ='Consumption Source'!E31 -> 115900 | F29: ='Consumption Source'!F31 -> 127648 | G29: ='Consumption Source'!G31 -> 140595 | H29: ='Consumption Source'!H31 -> 154872 | I29: ='Consumption Source'!I31 -> 170599
A30: ='Consumption Source'!A32 -> Personal Transport Equipment | B30: ='Consumption Source'!B32 -> Transport & Communication | C30: ='Consumption Source'!C32 -> 35995 | D30: ='Consumption Source'!D32 -> 33075 | E30: ='Consumption Source'!E32 -> 38915 | F30: ='Consumption Source'!F32 -> 42151 | G30: ='Consumption Source'!G32 -> 46189 | H30: ='Consumption Source'!H32 -> 60306 | I30: ='Consumption Source'!I32 -> 79441
A31: ='Consumption Source'!A33 -> Operation Of Personal Transport Equipment | B31: ='Consumption Source'!B33 -> Transport & Communication | C31: ='Consumption Source'!C33 -> 124528 | D31: ='Consumption Source'!D33 -> 143977 | E31: ='Consumption Source'!E33 -> 164738 | F31: ='Consumption Source'!F33 -> 169507 | G31: ='Consumption Source'!G33 -> 189508 | H31: ='Consumption Source'!H33 -> 194413 | I31: ='Consumption Source'!I33 -> 236681
... A39: ='Consumption Source'!A41 -> Other Miscellaneous Services | B39: ='Consumption Source'!B41 -> Miscellaneous Goods & Services | C39: ='Consumption Source'!C41 -> 89555 | D39: ='Consumption Source'!D41 -> 105768 | E39: ='Consumption Source'!E41 -> 144643 | F39: ='Consumption Source'!F41 -> 213236 | G39: ='Consumption Source'!G41 -> 289983 | H39: ='Consumption Source'!H41 -> 355869 | I39: ='Consumption Source'!I41 -> 440503

Sheet Consumption Source
A1: Item | B1: Group Name | C1: 2004-05 | D1: 2005-06 | E1: 2006-07 | F1: 2007-08 | G1: 2008-09 | H1: 2009-10 | I1: 2010-11
A2: Food | B2: Food, Beverages & Tobacco | C2: 650364 | D2: 714236 | E2: 788719 | F2: 894525 | G2: 990511 | H2: 1139024 | I2: 1324212
A3: Cereals & Bread | B3: Food, Beverages & Tobacco | C3: 165490.3 | D3: 180320.22 | E3: 202451.82 | F3: 229799.11 | G3: 249839.29 | H3: 251207.67 | I3: 292631.33
A4: Pulses | B4: Food, Beverages & Tobacco | C4: 15872.696 | D4: 19014.783 | E4: 23713.18 | F4: 26452.893 | G4: 29049.713 | H4: 33203.326 | I4: 40610.671
A5: Sugar & Gur | B5: Food, Beverages & Tobacco | C5: 33339 | D5: 36852 | E5: 38589 | F5: 37627 | G5: 45834 | H5: 64235 | I5: 71859
A6: Oils & Oilseeds | B6: Food, Beverages & Tobacco | C6: 37778 | D6: 34306 | E6: 33593 | F6: 41570 | G6: 45257 | H6: 44219 | I6: 55158
A7: Fruits & Vegetables | B7: Food, Beverages & Tobacco | C7: 150855 | D7: 171411 | E7: 189724 | F7: 216603 | G7: 241989 | H7: 268130 | I7: 327152
A8: Potato & Other Tubers | B8: Food, Beverages & Tobacco | C8: 17046 | D8: 20707 | E8: 21309 | F8: 30172 | G8: 18839 | H8: 50144 | I8: 40765
A9: Milk & Milk Products | B9: Food, Beverages & Tobacco | C9: 134069 | D9: 143542 | E9: 156950 | F9: 177822 | G9: 208124 | H9: 246311 | I9: 285703
A10: Meat, Egg & Fish | B10: Food, Beverages & Tobacco | C10: 62424 | D10: 70150 | E10: 79645 | F10: 88963 | G10: 101087 | H10: 121532 | I10: 145361
A11: Coffee, Tea & Cocoa | B11: Food, Beverages & Tobacco | C11: 6153 | D11: 6420 | E11: 6768 | F11: 7252 | G11: 8478 | H11: 10608 | I11: 9927
A12: Spices | B12: Food, Beverages & Tobacco | C12: 18213 | D12: 19968 | E12: 21887 | F12: 23985 | G12: 26280 | H12: 28789 | I12: 31531
A13: Other Food | B13: Food, Beverages & Tobacco | C13: 9124 | D13: 11545 | E13: 14089 | F13: 14279 | G13: 15734 | H13: 20645 | I13: 23514
... A42: Private Final Consumption Expenditure In Domestic Market | B42: All Group | C42: 1925592 | D42: 2159537 | E42: 2488688 | F42: 2850394 | G42: 3257945 | H42: 3722036 | I42: 4359792
